Residue_Index,Residue,Amide_N_Shift
1,M,nan
2,A,nan
3,R,nan
4,A,125.79737
5,D,118.416053
6,D,120.631654
7,T,113.693458
8,A,126.413946
9,L,122.921398
10,P,nan
11,A,124.349039
12,A,123.290715
13,T,112.75825
14,G,110.7743
15,A,124.126617
16,L,118.012701
17,E,117.73005
18,L,121.355131
19,V,118.521856
20,R,117.958646
21,H,115.24527
22,L,119.883664
23,V,119.390855
24,A,121.610376
25,E,114.82164
26,R,118.509809
27,A,120.37515
28,E,115.493527
29,L,119.978182
30,P,nan
31,V,123.773086
32,E,117.215432
33,V,113.610695
34,L,123.532706
35,R,125.82013
36,D,123.211065
37,D,112.38996
38,S,116.533961
39,R,124.3372
40,F,122.834465
41,L,117.682117
42,D,114.800397
43,D,111.124885
44,L,114.923599
45,H,114.429251
46,M,118.597093
47,S,116.109642
48,S,116.755643
49,I,122.227119
50,T,120.233216
51,V,121.319653
52,G,105.968
53,Q,120.485566
54,L,121.901199
55,V,119.226222
56,N,117.986725
57,E,121.765031
58,A,123.778902
59,A,118.655634
60,R,117.700508
61,A,123.270579
62,M,114.725025
63,G,108.268078
64,L,119.5472
65,S,115.418
66,A,124.266439
67,V,118.372948
68,A,127.6959
69,M,120.285434
70,P,nan
71,T,112.662586
72,N,120.053701
73,F,121.569622
74,A,121.046844
75,T,104.82404
76,A,124.547667
77,T,108.6536
78,V,120.107497
79,R,117.131133
80,E,118.542108
81,M,119.629546
82,A,120.463372
83,E,116.662537
84,A,122.742081
85,L,119.158323
86,E,118.441036
87,A,120.690277
88,R,117.642378
89,E,121.079948
90,R,117.834309
91,E,118.786101
92,A,125.247005
93,P,nan
94,H,118.596755
95,L,123.443143
96,E,121.294508
97,H,119.931627
98,H,125.445633
99,H,nan
100,H,nan
101,H,nan
102,H,nan
